<?xml version="1.0" encoding="UTF-8"?>
<metadata xml:lang="en"><Esri><CreaDate>20220331</CreaDate><CreaTime>10291100</CreaTime><ArcGISFormat>1.0</ArcGISFormat><SyncOnce>TRUE</SyncOnce><DataProperties><lineage><Process ToolSource="c:\program files (x86)\arcgis\desktop10.8\ArcToolbox\Toolboxes\Conversion Tools.tbx\RasterToPolygon" Date="20220331" Time="102911">RasterToPolygon Classification_DIY_2002_ProjectRaster_Clip "C:\Users\user\Documents\magang PATGTL\Analisis Tuplah 2002\DIY2002_FIX.shp" SIMPLIFY Value SINGLE_OUTER_PART #</Process></lineage></DataProperties></Esri></metadata>
