<?xml version="1.0" encoding="UTF-8"?>
<metadata xml:lang="en"><Esri><CreaDate>20220328</CreaDate><CreaTime>11493100</CreaTime><ArcGISFormat>1.0</ArcGISFormat><SyncOnce>TRUE</SyncOnce><DataProperties><lineage><Process ToolSource="c:\program files (x86)\arcgis\desktop10.8\ArcToolbox\Toolboxes\Spatial Analyst Tools.tbx\IsoClusterUnsupervisedClassification" Date="20220328" Time="114931">IsoClusterUnsupervisedClassification proyeksi_Clip 20 "C:\Users\user\Documents\magang PATGTL\ANALISIS TUPLAH FIX\klasifikasi_2" 20 10 #</Process></lineage></DataProperties></Esri></metadata>
