<?xml version="1.0" encoding="UTF-8"?>
<metadata xml:lang="en"><Esri><CreaDate>20220328</CreaDate><CreaTime>12570800</CreaTime><ArcGISFormat>1.0</ArcGISFormat><SyncOnce>TRUE</SyncOnce><DataProperties><lineage><Process ToolSource="c:\program files (x86)\arcgis\desktop10.8\ArcToolbox\Toolboxes\Data Management Tools.tbx\CalculateStatistics" Date="20220328" Time="125708">CalculateStatistics "C:\Users\user\Documents\magang PATGTL\Analisis Tuplah 2017\median_reducer (1).tif" 1 1 # OVERWRITE "Feature Set"</Process></lineage></DataProperties></Esri></metadata>
