<PAMDataset>
  <PAMRasterBand band="1">
    <Description>projectc1</Description>
    <Metadata>
      <MDI key="RepresentationType">ATHEMATIC</MDI>
      <MDI key="STATISTICS_COVARIANCES">0.0001525615564988557</MDI>
      <MDI key="STATISTICS_EXCLUDEDVALUES"></MDI>
      <MDI key="STATISTICS_MAXIMUM">0.53219723701477</MDI>
      <MDI key="STATISTICS_MEAN">0.12848387596964</MDI>
      <MDI key="STATISTICS_MINIMUM">0.079357013106346</MDI>
      <MDI key="STATISTICS_SKIPFACTORX">1</MDI>
      <MDI key="STATISTICS_SKIPFACTORY">1</MDI>
      <MDI key="STATISTICS_STDDEV">0.012351581133558</MDI>
    </Metadata>
  </PAMRasterBand>
</PAMDataset>
