<PAMDataset>
  <PAMRasterBand band="1">
    <Description>projectc9</Description>
    <Metadata>
      <MDI key="RepresentationType">ATHEMATIC</MDI>
      <MDI key="STATISTICS_COVARIANCES">2.358312914537211e-06</MDI>
      <MDI key="STATISTICS_EXCLUDEDVALUES"></MDI>
      <MDI key="STATISTICS_MAXIMUM">0.025138759985566</MDI>
      <MDI key="STATISTICS_MEAN">0.0021287013515945</MDI>
      <MDI key="STATISTICS_MINIMUM">-2.5341429136461e-05</MDI>
      <MDI key="STATISTICS_SKIPFACTORX">1</MDI>
      <MDI key="STATISTICS_SKIPFACTORY">1</MDI>
      <MDI key="STATISTICS_STDDEV">0.0015356799518576</MDI>
    </Metadata>
  </PAMRasterBand>
</PAMDataset>
