<PAMDataset>
  <PAMRasterBand band="1">
    <Description>projectc4</Description>
    <Metadata>
      <MDI key="RepresentationType">ATHEMATIC</MDI>
      <MDI key="STATISTICS_COVARIANCES">0.0004516041576200696</MDI>
      <MDI key="STATISTICS_EXCLUDEDVALUES"></MDI>
      <MDI key="STATISTICS_MAXIMUM">0.60840481519699</MDI>
      <MDI key="STATISTICS_MEAN">0.066182987594417</MDI>
      <MDI key="STATISTICS_MINIMUM">0.018115479499102</MDI>
      <MDI key="STATISTICS_SKIPFACTORX">1</MDI>
      <MDI key="STATISTICS_SKIPFACTORY">1</MDI>
      <MDI key="STATISTICS_STDDEV">0.021250980156691</MDI>
    </Metadata>
  </PAMRasterBand>
</PAMDataset>
