<PAMDataset>
  <PAMRasterBand band="1">
    <Description>projectc11</Description>
    <Metadata>
      <MDI key="RepresentationType">ATHEMATIC</MDI>
      <MDI key="STATISTICS_COVARIANCES">3.993442878874367</MDI>
      <MDI key="STATISTICS_EXCLUDEDVALUES"></MDI>
      <MDI key="STATISTICS_MAXIMUM">305.75115966797</MDI>
      <MDI key="STATISTICS_MEAN">294.60054330707</MDI>
      <MDI key="STATISTICS_MINIMUM">277.52328491211</MDI>
      <MDI key="STATISTICS_SKIPFACTORX">1</MDI>
      <MDI key="STATISTICS_SKIPFACTORY">1</MDI>
      <MDI key="STATISTICS_STDDEV">1.9983600473574</MDI>
    </Metadata>
  </PAMRasterBand>
</PAMDataset>
