<PAMDataset>
  <PAMRasterBand band="1">
    <Description>projectc8</Description>
    <Metadata>
      <MDI key="RepresentationType">ATHEMATIC</MDI>
      <MDI key="STATISTICS_COVARIANCES">0.0003224882799870345</MDI>
      <MDI key="STATISTICS_EXCLUDEDVALUES"></MDI>
      <MDI key="STATISTICS_MAXIMUM">0.66877937316895</MDI>
      <MDI key="STATISTICS_MEAN">0.077209485171707</MDI>
      <MDI key="STATISTICS_MINIMUM">0.027160553261638</MDI>
      <MDI key="STATISTICS_SKIPFACTORX">1</MDI>
      <MDI key="STATISTICS_SKIPFACTORY">1</MDI>
      <MDI key="STATISTICS_STDDEV">0.017957958680959</MDI>
    </Metadata>
  </PAMRasterBand>
</PAMDataset>
