<PAMDataset>
  <PAMRasterBand band="1">
    <Description>projectc6</Description>
    <Metadata>
      <MDI key="RepresentationType">ATHEMATIC</MDI>
      <MDI key="STATISTICS_COVARIANCES">0.004770888453939775</MDI>
      <MDI key="STATISTICS_EXCLUDEDVALUES"></MDI>
      <MDI key="STATISTICS_MAXIMUM">1.1599545478821</MDI>
      <MDI key="STATISTICS_MEAN">0.13644981123704</MDI>
      <MDI key="STATISTICS_MINIMUM">0.0051432722248137</MDI>
      <MDI key="STATISTICS_SKIPFACTORX">1</MDI>
      <MDI key="STATISTICS_SKIPFACTORY">1</MDI>
      <MDI key="STATISTICS_STDDEV">0.069071618295359</MDI>
    </Metadata>
  </PAMRasterBand>
</PAMDataset>
