<PAMDataset>
  <PAMRasterBand band="1">
    <Description>projectc10</Description>
    <Metadata>
      <MDI key="RepresentationType">ATHEMATIC</MDI>
      <MDI key="STATISTICS_COVARIANCES">5.976529443000767</MDI>
      <MDI key="STATISTICS_EXCLUDEDVALUES"></MDI>
      <MDI key="STATISTICS_MAXIMUM">309.04013061523</MDI>
      <MDI key="STATISTICS_MEAN">297.36106323307</MDI>
      <MDI key="STATISTICS_MINIMUM">278.21102905273</MDI>
      <MDI key="STATISTICS_SKIPFACTORX">1</MDI>
      <MDI key="STATISTICS_SKIPFACTORY">1</MDI>
      <MDI key="STATISTICS_STDDEV">2.444694140992</MDI>
    </Metadata>
  </PAMRasterBand>
</PAMDataset>
