<PAMDataset>
  <PAMRasterBand band="1">
    <Description>projectc5</Description>
    <Metadata>
      <MDI key="RepresentationType">ATHEMATIC</MDI>
      <MDI key="STATISTICS_COVARIANCES">0.01175718395966946</MDI>
      <MDI key="STATISTICS_EXCLUDEDVALUES"></MDI>
      <MDI key="STATISTICS_MAXIMUM">0.72726166248322</MDI>
      <MDI key="STATISTICS_MEAN">0.2215938366901</MDI>
      <MDI key="STATISTICS_MINIMUM">0.018774224445224</MDI>
      <MDI key="STATISTICS_SKIPFACTORX">1</MDI>
      <MDI key="STATISTICS_SKIPFACTORY">1</MDI>
      <MDI key="STATISTICS_STDDEV">0.10843054901489</MDI>
    </Metadata>
  </PAMRasterBand>
</PAMDataset>
