<PAMDataset>
  <PAMRasterBand band="1">
    <Description>projectc7</Description>
    <Metadata>
      <MDI key="RepresentationType">ATHEMATIC</MDI>
      <MDI key="STATISTICS_COVARIANCES">0.001754826489640372</MDI>
      <MDI key="STATISTICS_EXCLUDEDVALUES"></MDI>
      <MDI key="STATISTICS_MAXIMUM">1.0941507816315</MDI>
      <MDI key="STATISTICS_MEAN">0.071976745602772</MDI>
      <MDI key="STATISTICS_MINIMUM">0.0031670376192778</MDI>
      <MDI key="STATISTICS_SKIPFACTORX">1</MDI>
      <MDI key="STATISTICS_SKIPFACTORY">1</MDI>
      <MDI key="STATISTICS_STDDEV">0.041890649190964</MDI>
    </Metadata>
  </PAMRasterBand>
</PAMDataset>
