<PAMDataset>
  <PAMRasterBand band="1">
    <Description>projectc2</Description>
    <Metadata>
      <MDI key="RepresentationType">ATHEMATIC</MDI>
      <MDI key="STATISTICS_COVARIANCES">0.0001737551317847979</MDI>
      <MDI key="STATISTICS_EXCLUDEDVALUES"></MDI>
      <MDI key="STATISTICS_MAXIMUM">0.56955844163895</MDI>
      <MDI key="STATISTICS_MEAN">0.1052353439942</MDI>
      <MDI key="STATISTICS_MINIMUM">0.058602955192327</MDI>
      <MDI key="STATISTICS_SKIPFACTORX">1</MDI>
      <MDI key="STATISTICS_SKIPFACTORY">1</MDI>
      <MDI key="STATISTICS_STDDEV">0.01318162098472</MDI>
    </Metadata>
  </PAMRasterBand>
</PAMDataset>
