<PAMDataset>
  <PAMRasterBand band="1">
    <Description>projectc3</Description>
    <Metadata>
      <MDI key="RepresentationType">ATHEMATIC</MDI>
      <MDI key="STATISTICS_COVARIANCES">0.0002613282344981095</MDI>
      <MDI key="STATISTICS_EXCLUDEDVALUES"></MDI>
      <MDI key="STATISTICS_MAXIMUM">0.57778030633926</MDI>
      <MDI key="STATISTICS_MEAN">0.085327961608688</MDI>
      <MDI key="STATISTICS_MINIMUM">0.032861229032278</MDI>
      <MDI key="STATISTICS_SKIPFACTORX">1</MDI>
      <MDI key="STATISTICS_SKIPFACTORY">1</MDI>
      <MDI key="STATISTICS_STDDEV">0.016165649832225</MDI>
    </Metadata>
  </PAMRasterBand>
</PAMDataset>
