<PAMDataset>
  <Metadata>
    <MDI key="DataType">Generic</MDI>
  </Metadata>
  <PAMRasterBand band="1">
    <Description>band 1 surface reflectance</Description>
    <Histograms>
      <HistItem>
        <HistMin>-276</HistMin>
        <HistMax>20000</HistMax>
        <BucketCount>256</BucketCount>
        <IncludeOutOfRange>1</IncludeOutOfRange>
        <Approximate>0</Approximate>
        <HistCounts>1|1|69|6527|154128|2159712|6927705|7812261|4633541|2843981|1733215|1029219|614138|407357|279587|191791|141465|106121|82468|64112|56191|50376|40913|35630|34565|29173|25114|20376|18166|16035|14052|12468|10225|9088|7884|7161|6541|6212|5497|5435|5014|4597|4487|4123|3951|3771|3483|3451|3172|3071|2938|2843|2710|2676|2498|1976|861|30|3|0|0|0|0|0|0|0|0|0|0|0|0|0|0|0|0|0|0|0|0|0|0|0|0|0|0|0|0|0|0|0|0|0|0|0|0|0|0|0|0|0|0|0|0|0|0|0|0|0|0|0|0|0|0|0|0|0|0|0|0|0|0|0|0|0|0|0|0|0|0|0|0|0|0|0|0|0|0|0|0|0|0|0|0|0|0|0|0|0|0|0|0|0|0|0|0|0|0|0|0|0|0|0|0|0|0|0|0|0|0|0|0|0|0|0|0|0|0|0|0|0|0|0|0|0|0|0|0|0|0|0|0|0|0|0|0|0|0|0|0|0|0|0|0|0|0|0|0|0|0|0|0|0|0|0|0|0|0|0|0|0|0|0|0|0|0|0|0|0|0|0|0|0|0|0|0|0|0|0|0|0|0|0|0|0|0|0|0|0|0|0|0|0|0|0|0|32388</HistCounts>
      </HistItem>
    </Histograms>
    <Metadata>
      <MDI key="BandName">band 1 surface reflectance</MDI>
      <MDI key="RepresentationType">ATHEMATIC</MDI>
      <MDI key="STATISTICS_COVARIANCES">496635.7405811516,363003.1429088514,459105.2125314304</MDI>
      <MDI key="STATISTICS_EXCLUDEDVALUES"></MDI>
      <MDI key="STATISTICS_MAXIMUM">20000</MDI>
      <MDI key="STATISTICS_MEAN">424.48261707392</MDI>
      <MDI key="STATISTICS_MINIMUM">-276</MDI>
      <MDI key="STATISTICS_SKIPFACTORX">1</MDI>
      <MDI key="STATISTICS_SKIPFACTORY">1</MDI>
      <MDI key="STATISTICS_STDDEV">704.72387541586</MDI>
    </Metadata>
  </PAMRasterBand>
  <PAMRasterBand band="2">
    <Description>band 2 surface reflectance</Description>
    <Histograms>
      <HistItem>
        <HistMin>-19</HistMin>
        <HistMax>20000</HistMax>
        <BucketCount>256</BucketCount>
        <IncludeOutOfRange>1</IncludeOutOfRange>
        <Approximate>0</Approximate>
        <HistCounts>656|311052|3564836|2855650|3030932|4329646|4475573|3642291|2493329|1515676|985428|664729|460368|308660|210925|144352|106617|84881|60345|52487|45254|33436|32437|26978|21189|20494|15656|14611|12830|10559|9869|8641|7772|7090|6295|6020|5471|5333|5181|4854|4376|4337|3954|3817|3645|3504|3273|3311|3104|2983|2763|2583|2634|2394|2351|2231|2199|2136|1960|1833|1812|1825|1647|1587|1322|899|394|16|0|0|0|0|0|0|0|0|0|0|0|0|0|0|0|0|0|0|0|0|0|0|0|0|0|0|0|0|0|0|0|0|0|0|0|0|0|0|0|0|0|0|0|0|0|0|0|0|0|0|0|0|0|0|0|0|0|0|0|0|0|0|0|0|0|0|0|0|0|0|0|0|0|0|0|0|0|0|0|0|0|0|0|0|0|0|0|0|0|0|0|0|0|0|0|0|0|0|0|0|0|0|0|0|0|0|0|0|0|0|0|0|0|0|0|0|0|0|0|0|0|0|0|0|0|0|0|0|0|0|0|0|0|0|0|0|0|0|0|0|0|0|0|0|0|0|0|0|0|0|0|0|0|0|0|0|0|0|0|0|0|0|0|0|0|0|0|0|0|0|0|0|0|0|0|0|0|0|0|0|0|0|0|0|0|0|0|19251</HistCounts>
      </HistItem>
    </Histograms>
    <Metadata>
      <MDI key="BandName">band 2 surface reflectance</MDI>
      <MDI key="RepresentationType">ATHEMATIC</MDI>
      <MDI key="STATISTICS_COVARIANCES">363003.1429088514,354078.002246439,382159.5282059618</MDI>
      <MDI key="STATISTICS_EXCLUDEDVALUES"></MDI>
      <MDI key="STATISTICS_MAXIMUM">20000</MDI>
      <MDI key="STATISTICS_MEAN">519.14835054554</MDI>
      <MDI key="STATISTICS_MINIMUM">-19</MDI>
      <MDI key="STATISTICS_SKIPFACTORX">1</MDI>
      <MDI key="STATISTICS_SKIPFACTORY">1</MDI>
      <MDI key="STATISTICS_STDDEV">595.04453803597</MDI>
    </Metadata>
  </PAMRasterBand>
  <PAMRasterBand band="3">
    <Description>band 3 surface reflectance</Description>
    <Histograms>
      <HistItem>
        <HistMin>-48</HistMin>
        <HistMax>20000</HistMax>
        <BucketCount>256</BucketCount>
        <IncludeOutOfRange>1</IncludeOutOfRange>
        <Approximate>0</Approximate>
        <HistCounts>41608|2528530|4587207|3991739|3752459|3266799|2748736|2142824|1705277|1301382|940282|696491|497388|355579|242830|170169|126658|85506|66696|55599|42059|33683|31625|25201|21448|17980|15689|13978|11707|10602|9759|8144|7567|6905|6273|5915|5493|5125|5012|4728|4435|4205|4089|3873|3617|3413|3410|3165|3128|2964|2967|2758|2537|2515|2409|2237|2260|2222|2323|2243|2173|1545|701|23|0|0|0|0|0|0|0|0|0|0|0|0|0|0|0|0|0|0|0|0|0|0|0|0|0|0|0|0|0|0|0|0|0|0|0|0|0|0|0|0|0|0|0|0|0|0|0|0|0|0|0|0|0|0|0|0|0|0|0|0|0|0|0|0|0|0|0|0|0|0|0|0|0|0|0|0|0|0|0|0|0|0|0|0|0|0|0|0|0|0|0|0|0|0|0|0|0|0|0|0|0|0|0|0|0|0|0|0|0|0|0|0|0|0|0|0|0|0|0|0|0|0|0|0|0|0|0|0|0|0|0|0|0|0|0|0|0|0|0|0|0|0|0|0|0|0|0|0|0|0|0|0|0|0|0|0|0|0|0|0|0|0|0|0|0|0|0|0|0|0|0|0|0|0|0|0|0|0|0|0|0|0|0|0|0|0|0|0|0|0|0|28680</HistCounts>
      </HistItem>
    </Histograms>
    <Metadata>
      <MDI key="BandName">band 3 surface reflectance</MDI>
      <MDI key="RepresentationType">ATHEMATIC</MDI>
      <MDI key="STATISTICS_COVARIANCES">459105.2125314304,382159.5282059618,491567.6101919282</MDI>
      <MDI key="STATISTICS_EXCLUDEDVALUES"></MDI>
      <MDI key="STATISTICS_MAXIMUM">20000</MDI>
      <MDI key="STATISTICS_MEAN">439.10712894024</MDI>
      <MDI key="STATISTICS_MINIMUM">-48</MDI>
      <MDI key="STATISTICS_SKIPFACTORX">1</MDI>
      <MDI key="STATISTICS_SKIPFACTORY">1</MDI>
      <MDI key="STATISTICS_STDDEV">701.11882744078</MDI>
    </Metadata>
  </PAMRasterBand>
</PAMDataset>
