<PAMDataset>
  <Metadata domain="IMAGE_STRUCTURE">
    <MDI key="INTERLEAVE">BAND</MDI>
  </Metadata>
  <Metadata domain="ENVI">
    <MDI key="bands">10</MDI>
    <MDI key="byte_order">0</MDI>
    <MDI key="coordinate_system_string">{GEOGCS["GCS_WGS_1984",DATUM["D_WGS_1984",SPHEROID["WGS_1984",6378137.0,298.257223563]],PRIMEM["Greenwich",0.0],UNIT["Degree",0.0174532925199433]]}</MDI>
    <MDI key="data_type">4</MDI>
    <MDI key="description">{  Replace Bad Data [Wed Mar 30 17:47:44 2022]}</MDI>
    <MDI key="file_type">ENVI Standard</MDI>
    <MDI key="header_offset">0</MDI>
    <MDI key="interleave">bsq</MDI>
    <MDI key="lines">3272</MDI>
    <MDI key="samples">3568</MDI>
    <MDI key="sensor_type">Unknown</MDI>
    <MDI key="wavelength_units">Unknown</MDI>
  </Metadata>
  <Metadata domain="Esri">
    <MDI key="PyramidResamplingType">NEAREST</MDI>
  </Metadata>
</PAMDataset>
