<?xml version="1.0" encoding="UTF-8"?>
<metadata xml:lang="en"><Esri><CreaDate>20220331</CreaDate><CreaTime>08260000</CreaTime><ArcGISFormat>1.0</ArcGISFormat><SyncOnce>TRUE</SyncOnce><DataProperties><lineage><Process ToolSource="c:\program files (x86)\arcgis\desktop10.8\ArcToolbox\Toolboxes\Conversion Tools.tbx\RasterToPolygon" Date="20220331" Time="082600">RasterToPolygon Classification_DIY_2012_ProjectRaster_Clip "C:\Users\user\Documents\magang PATGTL\Analisis Tuplah 2012\DIY2012_FIX.shp" SIMPLIFY Class_name SINGLE_OUTER_PART #</Process></lineage></DataProperties></Esri></metadata>
