<?xml version="1.0" encoding="UTF-8"?>
<metadata xml:lang="en"><Esri><CreaDate>20220326</CreaDate><CreaTime>22580900</CreaTime><ArcGISFormat>1.0</ArcGISFormat><SyncOnce>TRUE</SyncOnce><DataProperties><lineage><Process ToolSource="c:\program files (x86)\arcgis\desktop10.8\ArcToolbox\Toolboxes\Spatial Analyst Tools.tbx\IsoClusterUnsupervisedClassification" Date="20220326" Time="225809">IsoClusterUnsupervisedClassification KoreksiRef_ProjectRaster_Cli 10 "C:\Users\user\Documents\magang PATGTL\analisis tutupan lahan\unsupervised\20210817" 20 10 #</Process></lineage></DataProperties></Esri></metadata>
