<?xml version="1.0" encoding="UTF-8"?>
<metadata xml:lang="en"><Esri><CreaDate>20220326</CreaDate><CreaTime>23172200</CreaTime><ArcGISFormat>1.0</ArcGISFormat><SyncOnce>TRUE</SyncOnce><DataProperties><lineage><Process ToolSource="c:\program files (x86)\arcgis\desktop10.8\ArcToolbox\Toolboxes\Conversion Tools.tbx\RasterToPolygon" Date="20220326" Time="231722">RasterToPolygon 20210817 "C:\Users\user\Documents\magang PATGTL\analisis tutupan lahan\unsupervised\poly0817.shp" SIMPLIFY VALUE SINGLE_OUTER_PART #</Process></lineage></DataProperties></Esri></metadata>
