<PAMDataset>
  <Metadata>
    <MDI key="DataType">Generic</MDI>
  </Metadata>
  <PAMRasterBand band="1">
    <Description>band 1 surface reflectance</Description>
    <Histograms>
      <HistItem>
        <HistMin>-834</HistMin>
        <HistMax>20000</HistMax>
        <BucketCount>256</BucketCount>
        <IncludeOutOfRange>1</IncludeOutOfRange>
        <Approximate>0</Approximate>
        <HistCounts>5|13|8534|2274302|9171100|5104583|2102023|1455329|970924|429574|441484|671930|1110769|1355400|1210064|756007|411854|245299|165036|127449|114533|102100|90771|83578|79274|72895|68076|65717|60870|57585|55774|52908|51111|47953|46330|44451|42532|40679|39172|37476|36261|34802|33405|31709|30768|29492|28053|6975|0|0|0|0|0|0|0|0|0|0|0|0|0|0|0|0|0|0|0|0|0|0|0|0|0|0|0|0|0|0|0|0|0|0|0|0|0|0|0|0|0|0|0|0|0|0|0|0|0|0|0|0|0|0|0|0|0|0|0|0|0|0|0|0|0|0|0|0|0|0|0|0|0|0|0|0|0|0|0|0|0|0|0|0|0|0|0|0|0|0|0|0|0|0|0|0|0|0|0|0|0|0|0|0|0|0|0|0|0|0|0|0|0|0|0|0|0|0|0|0|0|0|0|0|0|0|0|0|0|0|0|0|0|0|0|0|0|0|0|0|0|0|0|0|0|0|0|0|0|0|0|0|0|0|0|0|0|0|0|0|0|0|0|0|0|0|0|0|0|0|0|0|0|0|0|0|0|0|0|0|0|0|0|0|0|0|0|0|0|0|0|0|0|0|0|0|0|0|0|0|0|0|0|0|0|0|0|249803</HistCounts>
      </HistItem>
    </Histograms>
    <Metadata>
      <MDI key="BandName">band 1 surface reflectance</MDI>
      <MDI key="RepresentationType">ATHEMATIC</MDI>
      <MDI key="STATISTICS_COVARIANCES">3664814.408493537,1167426.12784864,773204.2259237738</MDI>
      <MDI key="STATISTICS_EXCLUDEDVALUES"></MDI>
      <MDI key="STATISTICS_MAXIMUM">20000</MDI>
      <MDI key="STATISTICS_MEAN">28.851518580181</MDI>
      <MDI key="STATISTICS_MINIMUM">-834</MDI>
      <MDI key="STATISTICS_SKIPFACTORX">1</MDI>
      <MDI key="STATISTICS_SKIPFACTORY">1</MDI>
      <MDI key="STATISTICS_STDDEV">1914.3704992748</MDI>
    </Metadata>
  </PAMRasterBand>
  <PAMRasterBand band="2">
    <Description>band 2 surface reflectance</Description>
    <Histograms>
      <HistItem>
        <HistMin>-409</HistMin>
        <HistMax>20000</HistMax>
        <BucketCount>256</BucketCount>
        <IncludeOutOfRange>1</IncludeOutOfRange>
        <Approximate>0</Approximate>
        <HistCounts>1|11|10476|2495569|7550532|6146290|2244317|1286079|1123668|498766|375620|470484|768514|1144658|1221514|1061686|677017|370370|233408|161739|123989|107203|96847|87052|81031|74361|69518|66017|60997|59435|56867|53615|50205|48942|47111|45011|42972|41364|39799|38481|37057|35337|34332|32938|32227|31098|29323|28391|26998|26494|25998|25322|17763|3|0|0|0|0|0|0|0|0|0|0|0|0|0|0|0|0|0|0|0|0|0|0|0|0|0|0|0|0|0|0|0|0|0|0|0|0|0|0|0|0|0|0|0|0|0|0|0|0|0|0|0|0|0|0|0|0|0|0|0|0|0|0|0|0|0|0|0|0|0|0|0|0|0|0|0|0|0|0|0|0|0|0|0|0|0|0|0|0|0|0|0|0|0|0|0|0|0|0|0|0|0|0|0|0|0|0|0|0|0|0|0|0|0|0|0|0|0|0|0|0|0|0|0|0|0|0|0|0|0|0|0|0|0|0|0|0|0|0|0|0|0|0|0|0|0|0|0|0|0|0|0|0|0|0|0|0|0|0|0|0|0|0|0|0|0|0|0|0|0|0|0|0|0|0|0|0|0|0|0|0|0|0|0|0|0|0|0|0|0|0|0|0|0|0|0|0|0|0|0|0|0|231915</HistCounts>
      </HistItem>
    </Histograms>
    <Metadata>
      <MDI key="BandName">band 2 surface reflectance</MDI>
      <MDI key="RepresentationType">ATHEMATIC</MDI>
      <MDI key="STATISTICS_COVARIANCES">1167426.12784864,3341338.264992478,1068232.791543156</MDI>
      <MDI key="STATISTICS_EXCLUDEDVALUES"></MDI>
      <MDI key="STATISTICS_MAXIMUM">20000</MDI>
      <MDI key="STATISTICS_MEAN">455.83334139026</MDI>
      <MDI key="STATISTICS_MINIMUM">-409</MDI>
      <MDI key="STATISTICS_SKIPFACTORX">1</MDI>
      <MDI key="STATISTICS_SKIPFACTORY">1</MDI>
      <MDI key="STATISTICS_STDDEV">1827.9327845937</MDI>
    </Metadata>
  </PAMRasterBand>
  <PAMRasterBand band="3">
    <Description>band 3 surface reflectance</Description>
    <Histograms>
      <HistItem>
        <HistMin>-102</HistMin>
        <HistMax>20000</HistMax>
        <BucketCount>256</BucketCount>
        <IncludeOutOfRange>1</IncludeOutOfRange>
        <Approximate>0</Approximate>
        <HistCounts>1356|1767270|8642721|6252026|2203818|1433081|823438|434902|450287|740369|1181529|1356163|1148578|701162|377389|223513|156909|125752|109986|98270|90519|82657|77349|71583|67425|64350|59589|56422|53730|51237|49085|47475|45495|43378|41774|39830|38130|36160|35536|34084|32448|30618|29957|28334|28361|27058|26124|8288|0|0|0|0|0|0|0|0|0|0|0|0|0|0|0|0|0|0|0|0|0|0|0|0|0|0|0|0|0|0|0|0|0|0|0|0|0|0|0|0|0|0|0|0|0|0|0|0|0|0|0|0|0|0|0|0|0|0|0|0|0|0|0|0|0|0|0|0|0|0|0|0|0|0|0|0|0|0|0|0|0|0|0|0|0|0|0|0|0|0|0|0|0|0|0|0|0|0|0|0|0|0|0|0|0|0|0|0|0|0|0|0|0|0|0|0|0|0|0|0|0|0|0|0|0|0|0|0|0|0|0|0|0|0|0|0|0|0|0|0|0|0|0|0|0|0|0|0|0|0|0|0|0|0|0|0|0|0|0|0|0|0|0|0|0|0|0|0|0|0|0|0|0|0|0|0|0|0|0|0|0|0|0|0|0|0|0|0|0|0|0|0|0|0|0|0|0|0|0|0|0|0|0|0|0|0|0|221217</HistCounts>
      </HistItem>
    </Histograms>
    <Metadata>
      <MDI key="BandName">band 3 surface reflectance</MDI>
      <MDI key="RepresentationType">ATHEMATIC</MDI>
      <MDI key="STATISTICS_COVARIANCES">773204.2259237738,1068232.791543156,3111936.12749244</MDI>
      <MDI key="STATISTICS_EXCLUDEDVALUES"></MDI>
      <MDI key="STATISTICS_MAXIMUM">20000</MDI>
      <MDI key="STATISTICS_MEAN">557.05646704311</MDI>
      <MDI key="STATISTICS_MINIMUM">-102</MDI>
      <MDI key="STATISTICS_SKIPFACTORX">1</MDI>
      <MDI key="STATISTICS_SKIPFACTORY">1</MDI>
      <MDI key="STATISTICS_STDDEV">1764.0680620351</MDI>
    </Metadata>
  </PAMRasterBand>
</PAMDataset>
