<PAMDataset>
  <Metadata>
    <MDI key="DataType">Generic</MDI>
  </Metadata>
  <PAMRasterBand band="1">
    <Description>band 1 surface reflectance</Description>
    <Histograms>
      <HistItem>
        <HistMin>-570</HistMin>
        <HistMax>20000</HistMax>
        <BucketCount>256</BucketCount>
        <IncludeOutOfRange>1</IncludeOutOfRange>
        <Approximate>0</Approximate>
        <HistCounts>1|0|1|0|5|1|5|18|11204|295223|1850129|15203724|6513325|1273465|560727|338995|244805|194800|165770|141685|125443|115292|104243|95273|89262|83161|76686|74363|69778|64913|63774|59540|56942|55766|52710|50356|49156|48060|45523|45012|43863|41799|41168|40492|38595|38668|38013|37518|37863|38896|38974|27082|1129|0|0|0|0|0|0|0|0|0|0|0|0|0|0|0|0|0|0|0|0|0|0|0|0|0|0|0|0|0|0|0|0|0|0|0|0|0|0|0|0|0|0|0|0|0|0|0|0|0|0|0|0|0|0|0|0|0|0|0|0|0|0|0|0|0|0|0|0|0|0|0|0|0|0|0|0|0|0|0|0|0|0|0|0|0|0|0|0|0|0|0|0|0|0|0|0|0|0|0|0|0|0|0|0|0|0|0|0|0|0|0|0|0|0|0|0|0|0|0|0|0|0|0|0|0|0|0|0|0|0|0|0|0|0|0|0|0|0|0|0|0|0|0|0|0|0|0|0|0|0|0|0|0|0|0|0|0|0|0|0|0|0|0|0|0|0|0|0|0|0|0|0|0|0|0|0|0|0|0|0|0|0|0|0|0|0|0|0|0|0|0|0|0|0|0|0|0|0|0|0|0|0|1094016</HistCounts>
      </HistItem>
    </Histograms>
    <Metadata>
      <MDI key="BandName">band 1 surface reflectance</MDI>
      <MDI key="RepresentationType">ATHEMATIC</MDI>
      <MDI key="STATISTICS_COVARIANCES">13648267.33443594,11249574.92770205,12431901.8499695</MDI>
      <MDI key="STATISTICS_EXCLUDEDVALUES"></MDI>
      <MDI key="STATISTICS_MAXIMUM">20000</MDI>
      <MDI key="STATISTICS_MEAN">1227.0044800031</MDI>
      <MDI key="STATISTICS_MINIMUM">-570</MDI>
      <MDI key="STATISTICS_SKIPFACTORX">1</MDI>
      <MDI key="STATISTICS_SKIPFACTORY">1</MDI>
      <MDI key="STATISTICS_STDDEV">3694.3561461283</MDI>
    </Metadata>
  </PAMRasterBand>
  <PAMRasterBand band="2">
    <Description>band 2 surface reflectance</Description>
    <Histograms>
      <HistItem>
        <HistMin>-307</HistMin>
        <HistMax>20000</HistMax>
        <BucketCount>256</BucketCount>
        <IncludeOutOfRange>1</IncludeOutOfRange>
        <Approximate>0</Approximate>
        <HistCounts>2|1|2|3|7496|355219|9167699|9669629|1813685|1002769|1419358|1277408|803913|478150|304449|211001|162101|139216|121431|108348|98003|89049|85032|78527|73517|71176|65844|61842|59947|56974|55518|53441|50651|49774|47819|45528|44619|43434|41597|41109|39130|38865|38008|35937|36129|35096|34101|33981|33001|31725|31930|31390|30889|30506|29978|30109|30014|30493|31933|33178|6750|270|0|0|0|0|0|0|0|0|0|0|0|0|0|0|0|0|0|0|0|0|0|0|0|0|0|0|0|0|0|0|0|0|0|0|0|0|0|0|0|0|0|0|0|0|0|0|0|0|0|0|0|0|0|0|0|0|0|0|0|0|0|0|0|0|0|0|0|0|0|0|0|0|0|0|0|0|0|0|0|0|0|0|0|0|0|0|0|0|0|0|0|0|0|0|0|0|0|0|0|0|0|0|0|0|0|0|0|0|0|0|0|0|0|0|0|0|0|0|0|0|0|0|0|0|0|0|0|0|0|0|0|0|0|0|0|0|0|0|0|0|0|0|0|0|0|0|0|0|0|0|0|0|0|0|0|0|0|0|0|0|0|0|0|0|0|0|0|0|0|0|0|0|0|0|0|0|0|0|0|0|0|0|0|0|0|0|0|0|0|0|0|0|0|848518</HistCounts>
      </HistItem>
    </Histograms>
    <Metadata>
      <MDI key="BandName">band 2 surface reflectance</MDI>
      <MDI key="RepresentationType">ATHEMATIC</MDI>
      <MDI key="STATISTICS_COVARIANCES">11249574.92770205,10914011.27813769,11144276.78885607</MDI>
      <MDI key="STATISTICS_EXCLUDEDVALUES"></MDI>
      <MDI key="STATISTICS_MAXIMUM">20000</MDI>
      <MDI key="STATISTICS_MEAN">1048.2931277452</MDI>
      <MDI key="STATISTICS_MINIMUM">-307</MDI>
      <MDI key="STATISTICS_SKIPFACTORX">1</MDI>
      <MDI key="STATISTICS_SKIPFACTORY">1</MDI>
      <MDI key="STATISTICS_STDDEV">3303.6360692633</MDI>
    </Metadata>
  </PAMRasterBand>
  <PAMRasterBand band="3">
    <Description>band 3 surface reflectance</Description>
    <Histograms>
      <HistItem>
        <HistMin>-217</HistMin>
        <HistMax>20000</HistMax>
        <BucketCount>256</BucketCount>
        <IncludeOutOfRange>1</IncludeOutOfRange>
        <Approximate>0</Approximate>
        <HistCounts>3|2|503|288613|7196350|10825165|3072508|1533905|1193413|795391|576228|408986|298616|225266|185207|150480|125762|108977|100263|91826|82490|77513|73931|68636|65304|62679|58889|56375|55160|52231|49624|48855|47116|44470|44516|42370|40683|40752|38755|38341|37557|35760|35719|34607|33172|33837|32910|32118|31940|31110|32345|31127|32842|33668|35711|38039|4436|0|0|0|0|0|0|0|0|0|0|0|0|0|0|0|0|0|0|0|0|0|0|0|0|0|0|0|0|0|0|0|0|0|0|0|0|0|0|0|0|0|0|0|0|0|0|0|0|0|0|0|0|0|0|0|0|0|0|0|0|0|0|0|0|0|0|0|0|0|0|0|0|0|0|0|0|0|0|0|0|0|0|0|0|0|0|0|0|0|0|0|0|0|0|0|0|0|0|0|0|0|0|0|0|0|0|0|0|0|0|0|0|0|0|0|0|0|0|0|0|0|0|0|0|0|0|0|0|0|0|0|0|0|0|0|0|0|0|0|0|0|0|0|0|0|0|0|0|0|0|0|0|0|0|0|0|0|0|0|0|0|0|0|0|0|0|0|0|0|0|0|0|0|0|0|0|0|0|0|0|0|0|0|0|0|0|0|0|0|0|0|0|0|0|0|0|0|0|964160</HistCounts>
      </HistItem>
    </Histograms>
    <Metadata>
      <MDI key="BandName">band 3 surface reflectance</MDI>
      <MDI key="RepresentationType">ATHEMATIC</MDI>
      <MDI key="STATISTICS_COVARIANCES">12431901.8499695,11144276.78885607,12362486.76421442</MDI>
      <MDI key="STATISTICS_EXCLUDEDVALUES"></MDI>
      <MDI key="STATISTICS_MAXIMUM">20000</MDI>
      <MDI key="STATISTICS_MEAN">1049.4998693632</MDI>
      <MDI key="STATISTICS_MINIMUM">-217</MDI>
      <MDI key="STATISTICS_SKIPFACTORX">1</MDI>
      <MDI key="STATISTICS_SKIPFACTORY">1</MDI>
      <MDI key="STATISTICS_STDDEV">3516.0328161458</MDI>
    </Metadata>
  </PAMRasterBand>
</PAMDataset>
