<PAMDataset>
  <Metadata domain="IMAGE_STRUCTURE">
    <MDI key="INTERLEAVE">BAND</MDI>
  </Metadata>
  <Metadata>
    <MDI key="Band_1">R</MDI>
    <MDI key="Band_2">G</MDI>
    <MDI key="Band_3">B</MDI>
  </Metadata>
  <Metadata domain="ENVI">
    <MDI key="bands">3</MDI>
    <MDI key="band_names">{ R, G, B}</MDI>
    <MDI key="byte_order">0</MDI>
    <MDI key="coordinate_system_string">{PROJCS["UTM_Zone_49S",GEOGCS["GCS_WGS_1984",DATUM["D_WGS_1984",SPHEROID["WGS_1984",6378137.0,298.257223563]],PRIMEM["Greenwich",0.0],UNIT["Degree",0.0174532925199433]],PROJECTION["Transverse_Mercator"],PARAMETER["False_Easting",500000.0],PARAMETER["False_Northing",10000000.0],PARAMETER["Central_Meridian",111.0],PARAMETER["Scale_Factor",0.9996],PARAMETER["Latitude_Of_Origin",0.0],UNIT["Meter",1.0]]}</MDI>
    <MDI key="data_type">4</MDI>
    <MDI key="description">{  Composite File Result [Wed Mar 30 17:35:20 2022]}</MDI>
    <MDI key="file_type">ENVI Standard</MDI>
    <MDI key="header_offset">0</MDI>
    <MDI key="interleave">bsq</MDI>
    <MDI key="lines">6931</MDI>
    <MDI key="samples">7961</MDI>
    <MDI key="sensor_type">Unknown</MDI>
    <MDI key="wavelength_units">Unknown</MDI>
  </Metadata>
  <Metadata domain="Esri">
    <MDI key="PyramidResamplingType">NEAREST</MDI>
  </Metadata>
  <PAMRasterBand band="1">
    <Description>R</Description>
  </PAMRasterBand>
  <PAMRasterBand band="2">
    <Description>G</Description>
  </PAMRasterBand>
  <PAMRasterBand band="3">
    <Description>B</Description>
  </PAMRasterBand>
</PAMDataset>
