<PAMDataset>
  <PAMRasterBand band="1">
    <Description>proyeksic5</Description>
    <Metadata>
      <MDI key="RepresentationType">ATHEMATIC</MDI>
      <MDI key="STATISTICS_COVARIANCES">0.01144392584564789</MDI>
      <MDI key="STATISTICS_EXCLUDEDVALUES"></MDI>
      <MDI key="STATISTICS_MAXIMUM">0.70276874303818</MDI>
      <MDI key="STATISTICS_MEAN">0.22045413363664</MDI>
      <MDI key="STATISTICS_MINIMUM">0.016135592013597</MDI>
      <MDI key="STATISTICS_SKIPFACTORX">1</MDI>
      <MDI key="STATISTICS_SKIPFACTORY">1</MDI>
      <MDI key="STATISTICS_STDDEV">0.10697628637062</MDI>
    </Metadata>
  </PAMRasterBand>
</PAMDataset>
