<PAMDataset>
  <PAMRasterBand band="1">
    <Description>proyeksic1</Description>
    <Metadata>
      <MDI key="RepresentationType">ATHEMATIC</MDI>
      <MDI key="STATISTICS_COVARIANCES">0.0001163777735480268</MDI>
      <MDI key="STATISTICS_EXCLUDEDVALUES"></MDI>
      <MDI key="STATISTICS_MAXIMUM">0.43634727597237</MDI>
      <MDI key="STATISTICS_MEAN">0.12958237526266</MDI>
      <MDI key="STATISTICS_MINIMUM">0.082419112324715</MDI>
      <MDI key="STATISTICS_SKIPFACTORX">1</MDI>
      <MDI key="STATISTICS_SKIPFACTORY">1</MDI>
      <MDI key="STATISTICS_STDDEV">0.010787853055545</MDI>
    </Metadata>
  </PAMRasterBand>
</PAMDataset>
