<PAMDataset>
  <PAMRasterBand band="1">
    <Description>proyeksic6</Description>
    <Metadata>
      <MDI key="RepresentationType">ATHEMATIC</MDI>
      <MDI key="STATISTICS_COVARIANCES">0.005034535857157075</MDI>
      <MDI key="STATISTICS_EXCLUDEDVALUES"></MDI>
      <MDI key="STATISTICS_MAXIMUM">0.91407644748688</MDI>
      <MDI key="STATISTICS_MEAN">0.1384576999152</MDI>
      <MDI key="STATISTICS_MINIMUM">0.0084890695288777</MDI>
      <MDI key="STATISTICS_SKIPFACTORX">1</MDI>
      <MDI key="STATISTICS_SKIPFACTORY">1</MDI>
      <MDI key="STATISTICS_STDDEV">0.070954463264527</MDI>
    </Metadata>
  </PAMRasterBand>
</PAMDataset>
