<PAMDataset>
  <PAMRasterBand band="1">
    <Description>proyeksic10</Description>
    <Metadata>
      <MDI key="RepresentationType">ATHEMATIC</MDI>
      <MDI key="STATISTICS_COVARIANCES">5.289215062419756</MDI>
      <MDI key="STATISTICS_EXCLUDEDVALUES"></MDI>
      <MDI key="STATISTICS_MAXIMUM">309.01507568359</MDI>
      <MDI key="STATISTICS_MEAN">298.03361026031</MDI>
      <MDI key="STATISTICS_MINIMUM">286.65444946289</MDI>
      <MDI key="STATISTICS_SKIPFACTORX">1</MDI>
      <MDI key="STATISTICS_SKIPFACTORY">1</MDI>
      <MDI key="STATISTICS_STDDEV">2.2998293550652</MDI>
    </Metadata>
  </PAMRasterBand>
</PAMDataset>
