<PAMDataset>
  <PAMRasterBand band="1">
    <Description>proyeksic4</Description>
    <Metadata>
      <MDI key="RepresentationType">ATHEMATIC</MDI>
      <MDI key="STATISTICS_COVARIANCES">0.0004768447138068861</MDI>
      <MDI key="STATISTICS_EXCLUDEDVALUES"></MDI>
      <MDI key="STATISTICS_MAXIMUM">0.57770502567291</MDI>
      <MDI key="STATISTICS_MEAN">0.067384807958327</MDI>
      <MDI key="STATISTICS_MINIMUM">0.021522970870137</MDI>
      <MDI key="STATISTICS_SKIPFACTORX">1</MDI>
      <MDI key="STATISTICS_SKIPFACTORY">1</MDI>
      <MDI key="STATISTICS_STDDEV">0.021836774345285</MDI>
    </Metadata>
  </PAMRasterBand>
</PAMDataset>
