<PAMDataset>
  <PAMRasterBand band="1">
    <Description>proyeksic2</Description>
    <Metadata>
      <MDI key="RepresentationType">ATHEMATIC</MDI>
      <MDI key="STATISTICS_COVARIANCES">0.0001467878691094031</MDI>
      <MDI key="STATISTICS_EXCLUDEDVALUES"></MDI>
      <MDI key="STATISTICS_MAXIMUM">0.46961736679077</MDI>
      <MDI key="STATISTICS_MEAN">0.10626927212942</MDI>
      <MDI key="STATISTICS_MINIMUM">0.060495674610138</MDI>
      <MDI key="STATISTICS_SKIPFACTORX">1</MDI>
      <MDI key="STATISTICS_SKIPFACTORY">1</MDI>
      <MDI key="STATISTICS_STDDEV">0.012115604364183</MDI>
    </Metadata>
  </PAMRasterBand>
</PAMDataset>
