<PAMDataset>
  <PAMRasterBand band="1">
    <Description>proyeksic8</Description>
    <Metadata>
      <MDI key="RepresentationType">ATHEMATIC</MDI>
      <MDI key="STATISTICS_COVARIANCES">0.000337081410576046</MDI>
      <MDI key="STATISTICS_EXCLUDEDVALUES"></MDI>
      <MDI key="STATISTICS_MAXIMUM">0.54862797260284</MDI>
      <MDI key="STATISTICS_MEAN">0.078055747276833</MDI>
      <MDI key="STATISTICS_MINIMUM">0.030089788138866</MDI>
      <MDI key="STATISTICS_SKIPFACTORX">1</MDI>
      <MDI key="STATISTICS_SKIPFACTORY">1</MDI>
      <MDI key="STATISTICS_STDDEV">0.018359776975117</MDI>
    </Metadata>
  </PAMRasterBand>
</PAMDataset>
