<PAMDataset>
  <PAMRasterBand band="1">
    <Description>proyeksic9</Description>
    <Metadata>
      <MDI key="RepresentationType">ATHEMATIC</MDI>
      <MDI key="STATISTICS_COVARIANCES">7.229847108704004e-08</MDI>
      <MDI key="STATISTICS_EXCLUDEDVALUES"></MDI>
      <MDI key="STATISTICS_MAXIMUM">0.0053722565062344</MDI>
      <MDI key="STATISTICS_MEAN">0.0012610263112038</MDI>
      <MDI key="STATISTICS_MINIMUM">0.0004916227189824</MDI>
      <MDI key="STATISTICS_SKIPFACTORX">1</MDI>
      <MDI key="STATISTICS_SKIPFACTORY">1</MDI>
      <MDI key="STATISTICS_STDDEV">0.0002688837501357</MDI>
    </Metadata>
  </PAMRasterBand>
</PAMDataset>
