<PAMDataset>
  <PAMRasterBand band="1">
    <Description>proyeksic3</Description>
    <Metadata>
      <MDI key="RepresentationType">ATHEMATIC</MDI>
      <MDI key="STATISTICS_COVARIANCES">0.0002743587705435449</MDI>
      <MDI key="STATISTICS_EXCLUDEDVALUES"></MDI>
      <MDI key="STATISTICS_MAXIMUM">0.51041352748871</MDI>
      <MDI key="STATISTICS_MEAN">0.085978904536242</MDI>
      <MDI key="STATISTICS_MINIMUM">0.036543518304825</MDI>
      <MDI key="STATISTICS_SKIPFACTORX">1</MDI>
      <MDI key="STATISTICS_SKIPFACTORY">1</MDI>
      <MDI key="STATISTICS_STDDEV">0.016563778872695</MDI>
    </Metadata>
  </PAMRasterBand>
</PAMDataset>
