<PAMDataset>
  <PAMRasterBand band="1">
    <Description>proyeksic7</Description>
    <Metadata>
      <MDI key="RepresentationType">ATHEMATIC</MDI>
      <MDI key="STATISTICS_COVARIANCES">0.001930234852270548</MDI>
      <MDI key="STATISTICS_EXCLUDEDVALUES"></MDI>
      <MDI key="STATISTICS_MAXIMUM">0.86762261390686</MDI>
      <MDI key="STATISTICS_MEAN">0.073943268689758</MDI>
      <MDI key="STATISTICS_MINIMUM">0.0044512967579067</MDI>
      <MDI key="STATISTICS_SKIPFACTORX">1</MDI>
      <MDI key="STATISTICS_SKIPFACTORY">1</MDI>
      <MDI key="STATISTICS_STDDEV">0.043934438112608</MDI>
    </Metadata>
  </PAMRasterBand>
</PAMDataset>
