<PAMDataset>
  <PAMRasterBand band="1">
    <Description>proyeksic11</Description>
    <Metadata>
      <MDI key="RepresentationType">ATHEMATIC</MDI>
      <MDI key="STATISTICS_COVARIANCES">3.359051239998281</MDI>
      <MDI key="STATISTICS_EXCLUDEDVALUES"></MDI>
      <MDI key="STATISTICS_MAXIMUM">306.83184814453</MDI>
      <MDI key="STATISTICS_MEAN">295.35429317416</MDI>
      <MDI key="STATISTICS_MINIMUM">286.09149169922</MDI>
      <MDI key="STATISTICS_SKIPFACTORX">1</MDI>
      <MDI key="STATISTICS_SKIPFACTORY">1</MDI>
      <MDI key="STATISTICS_STDDEV">1.8327714642034</MDI>
    </Metadata>
  </PAMRasterBand>
</PAMDataset>
