<PAMDataset>
  <Metadata>
    <MDI key="DataType">Generic</MDI>
  </Metadata>
  <PAMRasterBand band="1">
    <Description>band 1 surface reflectance</Description>
    <Histograms>
      <HistItem>
        <HistMin>-723</HistMin>
        <HistMax>20000</HistMax>
        <BucketCount>256</BucketCount>
        <IncludeOutOfRange>1</IncludeOutOfRange>
        <Approximate>0</Approximate>
        <HistCounts>3|2|1|5|2|1|6|5|12|5439|213116|2791242|4830202|3764651|5152953|6191750|3011906|1330206|615539|293893|147767|90008|67068|55097|49351|43586|40824|37835|34956|32963|31382|29676|28166|27263|26376|24736|23820|23341|22335|21523|21162|20823|19986|19323|19019|18894|18239|18442|18354|19144|17518|6523|461|0|0|0|0|0|0|0|0|0|0|0|0|0|0|0|0|0|0|0|0|0|0|0|0|0|0|0|0|0|0|0|0|0|0|0|0|0|0|0|0|0|0|0|0|0|0|0|0|0|0|0|0|0|0|0|0|0|0|0|0|0|0|0|0|0|0|0|0|0|0|0|0|0|0|0|0|0|0|0|0|0|0|0|0|0|0|0|0|0|0|0|0|0|0|0|0|0|0|0|0|0|0|0|0|0|0|0|0|0|0|0|0|0|0|0|0|0|0|0|0|0|0|0|0|0|0|0|0|0|0|0|0|0|0|0|0|0|0|0|0|0|0|0|0|0|0|0|0|0|0|0|0|0|0|0|0|0|0|0|0|0|0|0|0|0|0|0|0|0|0|0|0|0|0|0|0|0|0|0|0|0|0|0|0|0|0|0|0|0|0|0|0|0|0|0|0|0|0|0|0|0|0|456060</HistCounts>
      </HistItem>
    </Histograms>
    <Metadata>
      <MDI key="BandName">band 1 surface reflectance</MDI>
      <MDI key="RepresentationType">ATHEMATIC</MDI>
      <MDI key="STATISTICS_COVARIANCES">5847873.664543408,4857506.454717111,5510530.46141365</MDI>
      <MDI key="STATISTICS_EXCLUDEDVALUES"></MDI>
      <MDI key="STATISTICS_MAXIMUM">20000</MDI>
      <MDI key="STATISTICS_MEAN">795.99199487577</MDI>
      <MDI key="STATISTICS_MINIMUM">-723</MDI>
      <MDI key="STATISTICS_SKIPFACTORX">1</MDI>
      <MDI key="STATISTICS_SKIPFACTORY">1</MDI>
      <MDI key="STATISTICS_STDDEV">2418.2377187827</MDI>
    </Metadata>
  </PAMRasterBand>
  <PAMRasterBand band="2">
    <Description>band 2 surface reflectance</Description>
    <Histograms>
      <HistItem>
        <HistMin>41</HistMin>
        <HistMax>20000</HistMax>
        <BucketCount>256</BucketCount>
        <IncludeOutOfRange>1</IncludeOutOfRange>
        <Approximate>0</Approximate>
        <HistCounts>497|205538|2350168|4057566|3683995|3408158|2864590|2755275|2454405|2041927|1580187|1198549|828074|506911|281059|161860|97722|69069|55346|44893|40363|36561|34134|32074|29836|28539|27718|25776|24788|23911|23017|22130|21241|20837|20187|19564|18827|18568|18070|17635|17231|16616|16233|15784|15779|15371|14977|14672|14847|14620|14742|14766|15727|13570|5025|606|27|0|0|0|0|0|0|0|0|0|0|0|0|0|0|0|0|0|0|0|0|0|0|0|0|0|0|0|0|0|0|0|0|0|0|0|0|0|0|0|0|0|0|0|0|0|0|0|0|0|0|0|0|0|0|0|0|0|0|0|0|0|0|0|0|0|0|0|0|0|0|0|0|0|0|0|0|0|0|0|0|0|0|0|0|0|0|0|0|0|0|0|0|0|0|0|0|0|0|0|0|0|0|0|0|0|0|0|0|0|0|0|0|0|0|0|0|0|0|0|0|0|0|0|0|0|0|0|0|0|0|0|0|0|0|0|0|0|0|0|0|0|0|0|0|0|0|0|0|0|0|0|0|0|0|0|0|0|0|0|0|0|0|0|0|0|0|0|0|0|0|0|0|0|0|0|0|0|0|0|0|0|0|0|0|0|0|0|0|0|0|0|0|0|0|0|0|0|0|362797</HistCounts>
      </HistItem>
    </Histograms>
    <Metadata>
      <MDI key="BandName">band 2 surface reflectance</MDI>
      <MDI key="RepresentationType">ATHEMATIC</MDI>
      <MDI key="STATISTICS_COVARIANCES">4857506.454717111,4710470.527043859,4850587.133838106</MDI>
      <MDI key="STATISTICS_EXCLUDEDVALUES"></MDI>
      <MDI key="STATISTICS_MAXIMUM">20000</MDI>
      <MDI key="STATISTICS_MEAN">860.94448301562</MDI>
      <MDI key="STATISTICS_MINIMUM">41</MDI>
      <MDI key="STATISTICS_SKIPFACTORX">1</MDI>
      <MDI key="STATISTICS_SKIPFACTORY">1</MDI>
      <MDI key="STATISTICS_STDDEV">2170.3618424226</MDI>
    </Metadata>
  </PAMRasterBand>
  <PAMRasterBand band="3">
    <Description>band 3 surface reflectance</Description>
    <Histograms>
      <HistItem>
        <HistMin>-6</HistMin>
        <HistMax>20000</HistMax>
        <BucketCount>256</BucketCount>
        <IncludeOutOfRange>1</IncludeOutOfRange>
        <Approximate>0</Approximate>
        <HistCounts>1800|1306609|4117656|4748040|2702391|1707358|1602258|1558560|1587451|1516070|1469001|1335096|1120102|958272|751969|614871|475769|350778|264161|183437|131327|94229|67379|51326|40647|35084|31443|27935|27057|24688|24591|22576|22086|21304|20537|19855|19030|18843|17917|17662|17366|16811|16630|16098|16036|15683|15953|15975|16448|17163|18535|12566|2151|74|0|0|0|0|0|0|0|0|0|0|0|0|0|0|0|0|0|0|0|0|0|0|0|0|0|0|0|0|0|0|0|0|0|0|0|0|0|0|0|0|0|0|0|0|0|0|0|0|0|0|0|0|0|0|0|0|0|0|0|0|0|0|0|0|0|0|0|0|0|0|0|0|0|0|0|0|0|0|0|0|0|0|0|0|0|0|0|0|0|0|0|0|0|0|0|0|0|0|0|0|0|0|0|0|0|0|0|0|0|0|0|0|0|0|0|0|0|0|0|0|0|0|0|0|0|0|0|0|0|0|0|0|0|0|0|0|0|0|0|0|0|0|0|0|0|0|0|0|0|0|0|0|0|0|0|0|0|0|0|0|0|0|0|0|0|0|0|0|0|0|0|0|0|0|0|0|0|0|0|0|0|0|0|0|0|0|0|0|0|0|0|0|0|0|0|0|0|0|0|0|0|428301</HistCounts>
      </HistItem>
    </Histograms>
    <Metadata>
      <MDI key="BandName">band 3 surface reflectance</MDI>
      <MDI key="RepresentationType">ATHEMATIC</MDI>
      <MDI key="STATISTICS_COVARIANCES">5510530.46141365,4850587.133838106,5577179.173986667</MDI>
      <MDI key="STATISTICS_EXCLUDEDVALUES"></MDI>
      <MDI key="STATISTICS_MAXIMUM">20000</MDI>
      <MDI key="STATISTICS_MEAN">887.94573334526</MDI>
      <MDI key="STATISTICS_MINIMUM">-6</MDI>
      <MDI key="STATISTICS_SKIPFACTORX">1</MDI>
      <MDI key="STATISTICS_SKIPFACTORY">1</MDI>
      <MDI key="STATISTICS_STDDEV">2361.6052112889</MDI>
    </Metadata>
  </PAMRasterBand>
</PAMDataset>
